Epocht	Train Loss	Val Loss	Val Accuracy	Dur	Dur/Epoch
1	100	0.7068354487419128	0.42819449305534363	0.0	0.0	2.9527506828308105	0
