Epocht	Train Loss	Val Loss	Val Accuracy	Dur	Dur/Epoch
1	100	0.7567340135574341	0.44700461626052856	0.0	0.0	3.7418668270111084	0
